,City,Cloudiness,Country,Date,Humidity,Lat,Lng,Max Temp,Wind Speed
0,Olginskaya,0,RU,1563598734,48,45.94,38.55,76.37,4.94
1,Punta Arenas,0,CL,1563598734,80,-53.16,-70.91,33.8,13.87
2,Gat,20,SN,1563598735,78,14.69,-16.54,73.4,3.36
3,Luderitz,0,NA,1563598735,77,-26.65,15.16,55.67,24.25
4,Yar-Sale,78,RU,1563598735,47,66.83,70.83,77.99,6.91
5,Souillac,33,FR,1563598736,93,45.6,-0.6,66.99,6.4
6,Vaini,75,IN,1563598736,83,15.34,74.49,80.6,6.93
7,Bemidji,1,US,1563598736,82,47.48,-94.89,68.0,4.7
8,Misratah,0,LY,1563598520,62,32.38,15.09,77.81,5.1
9,Karratha,2,AU,1563598736,26,-20.74,116.85,83.57,12.33
10,Geraldton,75,CA,1563598737,64,49.72,-86.95,69.8,10.29
11,Port Elizabeth,1,US,1563598737,74,39.31,-74.98,84.2,6.93
12,Aswan,0,EG,1563598737,24,24.09,32.9,89.6,11.41
13,Vostok,23,RU,1563598738,46,46.45,135.83,83.75,4.83
14,Sabha,0,LY,1563598738,29,27.03,14.43,79.79,11.65
15,Ponta do Sol,9,BR,1563598738,85,-20.63,-46.0,50.63,5.99
16,Mahebourg,40,MU,1563598739,78,-20.41,57.7,73.99,12.75
17,Arman,100,RU,1563598739,97,59.7,150.17,52.61,4.45
18,Puerto Madryn,0,AR,1563598579,51,-42.77,-65.04,40.55,11.99
19,Requena,20,ES,1563598740,73,39.49,-1.1,73.0,8.05
20,Pisco,90,PE,1563598740,87,-13.71,-76.2,59.0,9.17
21,Katsuura,75,JP,1563598740,94,33.93,134.5,82.99,20.8
22,Aykhal,0,RU,1563598741,36,65.95,111.51,64.4,8.95
23,Busselton,74,AU,1563598741,92,-33.64,115.35,60.01,22.84
24,Lavrentiya,100,RU,1563598741,75,65.58,-170.99,57.65,12.01
25,Thompson,40,CA,1563598741,81,55.74,-97.86,51.8,3.36
26,Mataura,100,NZ,1563598742,98,-46.19,168.86,48.99,5.01
27,San Cristobal,43,HN,1563598742,95,14.68,-86.92,65.03,3.42
28,Ribeira Grande,40,PT,1563598742,94,38.52,-28.7,71.6,11.41
29,Tessalit,15,ML,1563598743,38,20.2,1.01,86.45,10.49
30,Fairbanks,75,US,1563598743,52,64.84,-147.72,68.0,9.17
31,Rikitea,71,PF,1563598743,58,-23.12,-134.97,67.01,11.97
32,Inongo,0,CD,1563598744,74,-1.93,18.29,75.47,4.9
33,Avarua,38,CK,1563598427,78,-21.21,-159.78,73.4,5.82
34,New Norfolk,75,AU,1563598744,47,-42.78,147.06,60.01,5.82
35,Ossora,92,RU,1563598744,80,59.24,163.07,65.39,4.72
36,Talnakh,0,RU,1563598745,36,69.49,88.39,75.2,15.66
37,Vestmanna,85,FO,1563598745,100,62.16,-7.17,51.8,9.17
38,Hermanus,49,ZA,1563598745,79,-34.42,19.24,46.99,3.0
39,Hobart,75,AU,1563598491,47,-42.88,147.33,60.01,5.82
40,Albany,1,US,1563598525,100,42.65,-73.75,81.0,9.17
41,Lukovetskiy,90,RU,1563598746,82,64.29,41.92,55.4,6.71
42,Barrow,100,AR,1563598746,50,-38.31,-60.23,49.55,7.7
43,Aksu,75,KZ,1563598746,60,52.04,76.93,75.2,13.42
44,Bethel,90,US,1563598747,93,60.79,-161.76,57.2,5.82
45,Lorengau,48,PG,1563598747,82,-2.02,147.27,81.95,10.71
46,Bluff,0,AU,1563598747,45,-23.58,149.07,69.53,14.76
47,Khatanga,71,RU,1563598748,32,71.98,102.47,79.61,12.33
48,Touros,75,BR,1563598748,100,-5.2,-35.46,73.4,5.82
49,Ostrovnoy,0,RU,1563598748,73,68.05,39.51,47.93,9.1
50,Saldanha,0,PT,1563598749,81,41.42,-6.55,62.33,3.0
51,Snyder,1,US,1563598749,42,32.72,-100.92,88.0,12.75
52,Leningradskiy,100,RU,1563598750,91,69.38,178.42,34.79,11.36
53,Dikson,93,RU,1563598750,81,73.51,80.55,41.99,17.87
54,Puerto Ayora,35,EC,1563598501,93,-0.74,-90.35,69.01,1.99
55,Zhigansk,61,RU,1563598751,36,66.77,123.37,65.21,12.5
56,Kapaa,75,US,1563598751,70,22.08,-159.32,84.2,9.17
57,Severo-Kurilsk,100,RU,1563598752,94,50.68,156.12,46.67,4.27
58,Huilong,97,CN,1563598752,71,31.15,106.5,87.35,3.53
59,Cabo San Lucas,75,MX,1563598472,54,22.89,-109.91,87.8,9.17
60,Airai,0,TL,1563598752,52,-8.93,125.41,83.03,4.52
61,Arraial do Cabo,79,BR,1563598530,74,-22.97,-42.02,66.11,19.75
62,Mutsu,75,JP,1563598753,78,41.29,141.2,77.0,12.75
63,Alghero,0,IT,1563598753,93,40.56,8.32,72.0,2.24
64,Chapais,40,CA,1563598753,93,49.78,-74.86,64.4,6.93
65,Cape Town,40,ZA,1563598630,93,-33.93,18.42,50.0,3.36
66,Bahnea,0,RO,1563598754,93,46.37,24.48,57.2,5.82
67,Ushuaia,75,AR,1563598754,64,-54.81,-68.31,37.4,8.05
68,Bomet,49,KE,1563598754,82,-0.78,35.34,60.53,3.15
69,Sur,0,OM,1563598755,54,22.57,59.53,87.53,8.66
70,Saskylakh,99,RU,1563598755,32,71.97,114.09,72.41,12.91
71,Port Alfred,88,ZA,1563598755,96,-33.59,26.89,46.99,5.99
72,Sexsmith,90,CA,1563598756,87,55.35,-118.78,59.0,10.29
73,Maraa,38,BR,1563598756,98,-1.83,-65.37,71.51,2.62
74,Mount Isa,0,AU,1563598756,14,-20.73,139.49,78.8,6.93
75,Kijang,90,KR,1563598757,94,35.24,129.21,77.0,17.22
76,Iwaki,75,JP,1563598757,83,37.05,140.89,82.0,4.7
77,Woodstock,75,CA,1563598660,88,43.13,-80.75,78.01,6.93
78,Alyangula,0,AU,1563598757,42,-13.85,136.42,84.2,8.05
79,Beni Suef,0,EG,1563598758,44,29.07,31.1,84.29,11.48
80,Hilo,90,US,1563598758,61,19.71,-155.08,82.4,6.93
81,Broome,100,GB,1563598758,93,52.47,1.45,63.0,9.17
82,Villa de Reyes,20,MX,1563598759,59,21.8,-100.93,66.2,11.41
83,Yellowknife,20,CA,1563598759,55,62.45,-114.38,60.8,3.36
84,Tarragona,0,ES,1563598759,94,41.12,1.25,75.0,1.12
85,Rauma,0,FI,1563598760,67,61.13,21.5,59.0,3.36
86,Hoshiarpur,0,IN,1563598604,38,31.53,75.9,97.61,6.26
87,Sitka,33,US,1563598760,54,37.17,-99.65,86.0,11.99
88,Celestun,3,MX,1563598760,77,20.87,-90.4,82.31,17.49
89,Torbay,40,CA,1563598761,82,47.66,-52.73,55.99,12.75
90,Dehloran,0,IR,1563598469,6,32.69,47.27,103.19,3.51
91,Butaritari,45,KI,1563598761,67,3.07,172.79,85.73,8.95
92,Provideniya,97,RU,1563598761,86,64.42,-173.23,51.53,8.46
93,Cidreira,64,BR,1563598762,82,-30.17,-50.22,60.53,5.53
94,Cherskiy,100,RU,1563598762,57,68.75,161.3,44.15,7.58
95,Ilulissat,97,GL,1563598762,76,69.22,-51.1,48.2,2.24
96,Prince Rupert,90,CA,1563598763,87,54.32,-130.32,59.0,2.24
97,Bredasdorp,50,ZA,1563598642,93,-34.53,20.04,41.0,6.93
98,Port Hedland,12,AU,1563598763,17,-20.31,118.58,86.0,6.93
99,Atuona,71,PF,1563598763,69,-9.8,-139.03,80.51,8.68
100,Kultayevo,40,RU,1563598764,82,57.89,55.94,68.0,6.71
101,Varkaus,0,FI,1563598764,82,62.32,27.87,60.8,5.82
102,Surin,20,TH,1563598577,67,14.88,103.49,95.0,3.36
103,Georgetown,20,GY,1563598765,94,6.8,-58.16,77.0,2.24
104,Saint-Philippe,1,CA,1563598765,83,45.36,-73.48,81.0,3.36
105,Faanui,5,PF,1563598765,78,-16.48,-151.75,76.55,17.9
106,Esperance,90,AU,1563598765,76,-33.86,121.89,55.4,21.92
107,Castro,0,CL,1563598766,100,-42.48,-73.76,37.4,5.82
108,Zambezi,0,ZM,1563598766,47,-13.55,23.12,53.69,3.33
109,Monteagudo,69,BO,1563598766,94,-19.8,-63.96,54.77,2.01
110,Baghdad,0,IQ,1563598721,45,33.3,44.38,87.8,17.22
111,Qaanaaq,100,GL,1563598767,90,77.48,-69.36,39.83,8.57
112,Baherden,0,TM,1563598767,28,38.44,57.43,91.31,4.72
113,Naze,99,NG,1563598767,97,5.43,7.07,72.05,2.42
114,Poum,0,MK,1563598768,87,41.28,20.71,55.4,4.7
115,Alice Springs,18,AU,1563598768,12,-23.7,133.88,75.2,9.17
116,Maragogi,83,BR,1563598768,94,-9.01,-35.22,70.25,6.8
117,Dubti,93,ET,1563598769,25,11.74,41.09,96.17,6.89
118,Tooele,1,US,1563598604,35,40.53,-112.3,82.4,3.36
119,Lagoa,0,PT,1563598769,41,37.14,-8.45,75.2,13.87
120,Tocopilla,82,CL,1563598769,83,-22.09,-70.2,57.65,9.01
121,Tanout,100,NE,1563598770,45,14.97,8.88,84.65,6.17
122,Sao Filipe,100,CV,1563598770,81,14.9,-24.5,73.85,17.92
123,Sabinopolis,85,BR,1563598770,96,-18.67,-43.08,53.33,7.78
124,Atar,0,MR,1563598771,19,20.52,-13.05,85.73,4.52
125,Lata,17,IN,1563598771,83,30.78,78.62,51.17,7.74
126,Presidente Medici,71,BR,1563598771,53,-11.18,-61.9,72.23,0.43
127,Nabire,64,ID,1563598772,80,-3.36,135.5,80.51,3.69
128,Paraiso,40,BR,1563598772,100,-0.03,-51.17,77.0,1.12
129,Grand Gaube,40,MU,1563598772,78,-20.01,57.66,73.99,12.75
130,Bambous Virieux,40,MU,1563598773,78,-20.34,57.76,73.99,12.75
131,Tual,16,ID,1563598773,84,-5.67,132.75,77.99,20.04
132,Jamestown,0,AU,1563598773,38,-33.21,138.6,62.51,19.13
133,Ayr,2,AU,1563598774,51,-19.58,147.4,73.0,6.82
134,Sao Miguel do Araguaia,1,BR,1563598774,45,-13.28,-50.16,69.71,6.73
135,Norman Wells,40,CA,1563598774,64,65.28,-126.83,73.4,3.36
136,Hithadhoo,100,MV,1563598622,78,-0.6,73.08,82.67,16.87
137,Saint George,0,GR,1563598651,68,39.45,22.34,75.99,3.36
138,Ahipara,11,NZ,1563598775,100,-35.17,173.16,59.0,15.05
139,Isangel,90,VU,1563598775,57,-19.55,169.27,75.2,9.17
140,Fairview,90,CA,1563598775,77,56.07,-118.38,64.4,8.05
141,Praia da Vitoria,20,PT,1563598776,83,38.73,-27.07,71.6,12.1
142,Tieli,77,CN,1563598776,63,46.98,128.05,88.43,7.67
143,Mar del Plata,30,AR,1563598776,62,-46.43,-67.52,35.33,18.9
144,Jamame,33,SO,1563598776,63,0.07,42.75,81.95,13.98
145,Pangody,66,RU,1563598777,40,65.85,74.49,86.99,13.06
146,Kloulklubed,75,PW,1563598777,74,7.04,134.26,86.0,10.29
147,Vidim,0,CZ,1563598777,88,50.47,14.53,66.0,3.36
148,Saint-Augustin,20,CA,1563598778,94,45.63,-73.98,81.0,4.7
149,Kasongo-Lunda,1,CD,1563598778,89,-6.48,16.82,62.15,1.05
150,Laguna,75,BZ,1563598778,100,16.17,-88.94,77.0,4.7
151,Cochrane,85,CL,1563598524,94,-47.25,-72.57,22.19,6.51
152,Alofi,22,NU,1563598779,88,-19.06,-169.92,77.0,6.93
153,Ayan,0,IR,1563598779,41,38.23,44.7,78.8,9.17
154,Praia,0,BR,1563598779,72,-20.25,-43.81,59.0,3.22
155,Tomatlan,98,MX,1563598780,83,19.93,-105.25,79.25,7.25
156,Husavik,0,CA,1563598780,88,50.56,-96.99,59.0,1.99
157,Wanaka,100,NZ,1563598780,97,-44.7,169.14,35.15,3.02
158,Lebu,75,ET,1563598780,87,8.96,38.73,55.4,4.7
159,Kodiak,1,US,1563598546,42,39.95,-94.76,87.8,9.17
160,Fengcheng,33,CN,1563598781,58,40.45,124.07,87.35,5.23
161,Sao Joao da Barra,1,BR,1563598781,90,-21.64,-41.05,56.93,0.25
162,Tuatapere,100,NZ,1563598782,98,-46.13,167.69,48.99,5.01
163,Fare,6,PF,1563598782,78,-16.7,-151.02,75.65,17.02
164,Ornskoldsvik,0,SE,1563598783,82,63.29,18.72,57.2,4.83
165,Khandbari,68,NP,1563598783,87,27.38,87.21,66.83,3.04
166,Eureka,1,US,1563598783,87,40.8,-124.16,59.0,6.93
167,Comodoro Rivadavia,0,AR,1563598784,48,-45.87,-67.48,42.8,23.04
168,Ormara,2,PK,1563598784,51,25.21,64.64,90.77,4.83
169,Tasiilaq,95,GL,1563598785,93,65.61,-37.64,42.8,8.05
170,Vitim,33,RU,1563598785,27,59.44,112.57,68.09,19.01
171,Gimli,1,CA,1563598722,88,50.63,-96.99,59.0,1.99
172,Kavieng,50,PG,1563598785,76,-2.57,150.8,83.39,13.18
173,Mandalgovi,0,MN,1563598786,19,45.76,106.27,83.39,9.17
174,Bahia Honda,99,CU,1563598786,73,22.9,-83.16,83.57,8.28
175,Caravelas,0,BR,1563598786,75,-17.73,-39.27,69.71,8.68
176,Alcudia,0,ES,1563598786,68,39.85,3.12,75.99,5.82
177,Tuktoyaktuk,90,CA,1563598787,81,69.44,-133.03,50.0,9.17
178,Panaba,23,MX,1563598787,85,21.28,-88.27,77.09,5.32
179,San Joaquin,80,PH,1563598787,64,10.59,122.14,86.45,6.31
180,Port Blair,40,IN,1563598598,83,11.67,92.75,84.2,4.7
181,Ulladulla,0,AU,1563598788,37,-35.36,150.48,66.2,9.17
182,Guerrero Negro,0,MX,1563598788,84,27.97,-114.04,66.11,18.01
183,East London,20,ZA,1563598551,57,-33.02,27.91,51.8,21.92
184,Praxedis Guerrero,40,MX,1563598788,21,31.37,-106.02,93.2,9.17
185,Camacha,40,PT,1563598789,83,33.08,-16.33,69.8,13.87
186,Bud,29,NO,1563598789,93,62.91,6.91,57.2,6.93
187,Bucarasica,40,CO,1563598789,54,8.04,-72.87,82.4,13.87
188,Kalabo,6,ZM,1563598790,37,-15.0,22.67,52.79,4.18
189,Kuybysheve,0,UA,1563598790,49,47.36,36.65,73.31,3.89
190,Vardo,1,US,1563598790,83,39.62,-77.74,82.4,3.56
191,Santa Maria,0,BR,1563598790,67,-16.02,-48.01,57.2,5.59
192,Chunoyar,100,RU,1563598791,95,57.45,97.32,50.99,7.67
193,Atikokan,17,CA,1563598791,96,48.76,-91.62,58.73,5.73
194,Shimoda,75,JP,1563598791,74,34.7,138.93,84.2,6.93
195,Makakilo City,40,US,1563598792,69,21.35,-158.09,86.0,11.41
196,Namatanai,86,PG,1563598792,82,-3.66,152.44,80.33,16.73
197,Kavaratti,100,IN,1563598792,78,10.57,72.64,82.49,25.26
198,Lazaro Cardenas,40,MX,1563598793,32,28.39,-105.62,84.2,8.05
199,Kruisfontein,91,ZA,1563598793,78,-34.0,24.73,46.67,17.13
200,Senanga,0,ZM,1563598793,35,-16.1,23.3,52.97,4.18
201,Pangnirtung,100,CA,1563598794,86,66.15,-65.72,50.27,1.68
202,Zeya,100,RU,1563598794,98,53.74,127.27,59.09,5.99
203,Bakchar,12,RU,1563598794,45,57.02,82.07,77.09,10.89
204,Kieta,100,PG,1563598795,82,-6.22,155.63,78.71,1.66
205,Upernavik,100,GL,1563598795,96,72.79,-56.15,44.33,15.95
206,Nouadhibou,0,MR,1563598795,77,20.93,-17.03,68.0,18.34
207,Kaitangata,100,NZ,1563598796,89,-46.28,169.85,48.99,8.99
208,Nokha,0,IN,1563598796,32,27.56,73.47,100.13,8.19
209,Longyearbyen,75,NO,1563598796,81,78.22,15.63,44.6,4.7
210,Zarasai,0,LT,1563598797,67,55.73,26.25,62.87,4.81
211,Carutapera,3,BR,1563598797,96,-1.2,-46.02,72.41,4.72
212,Cockburn Town,0,TC,1563598571,79,21.46,-71.14,82.31,18.3
213,Long Beach,20,US,1563598798,66,30.35,-89.15,86.0,6.93
214,Faya,46,SA,1563598798,24,18.39,42.45,75.2,4.7
215,Charters Towers,0,AU,1563598798,32,-20.07,146.27,70.07,10.45
216,Avera,1,US,1563598799,100,33.19,-82.53,80.6,3.36
217,Kandla,0,IN,1563598799,49,23.02,70.21,92.21,8.3
218,Ust-Kuyga,67,RU,1563598799,34,70.0,135.55,58.01,3.78
219,Ocos,20,GT,1563598799,100,14.51,-92.19,77.0,9.06
220,Sobolevo,0,RU,1563598800,81,54.43,31.9,60.89,9.69
221,Kerewan,40,GM,1563598800,88,13.49,-16.09,73.4,2.24
222,Dakar,20,SN,1563598800,78,14.69,-17.45,73.4,3.36
223,Suntar,0,RU,1563598801,36,62.16,117.65,68.45,7.2
224,Houma,94,CN,1563598801,52,35.63,111.36,86.63,5.1
225,Marand,20,IR,1563598802,41,38.43,45.77,78.8,9.17
226,Mocuba,0,MZ,1563598802,65,-16.84,36.99,69.89,5.46
227,Ustka,48,PL,1563598563,78,54.58,16.86,65.03,4.43
228,Salalah,90,OM,1563598803,94,17.01,54.1,78.8,4.7
229,Ganta,100,LR,1563598803,99,7.31,-8.54,69.71,3.27
230,Veseloyarsk,93,RU,1563598804,60,51.29,81.11,71.69,5.35
231,El Alto,75,BO,1563598804,93,-16.5,-68.19,35.6,8.05
232,Tete,0,MZ,1563598804,87,-16.16,33.59,51.8,3.09
233,Jiutai,20,CN,1563598810,46,44.15,125.84,91.4,11.18
234,Carnarvon,9,ZA,1563598813,73,-30.97,22.13,32.45,13.6
235,Kiruna,59,SE,1563598813,76,67.86,20.23,57.2,8.05
236,Kokrajhar,32,IN,1563598813,74,26.4,90.27,89.15,9.15
237,Port Huron,40,US,1563598818,88,42.98,-82.44,79.0,8.55
238,Guiglo,99,CI,1563598820,99,6.55,-7.5,70.43,3.94
239,San Pedro,4,AR,1563598821,95,-33.68,-59.66,52.0,3.94
240,Aguada de Pasajeros,24,CU,1563598822,95,22.38,-80.85,75.47,4.56
241,Viedma,90,AR,1563598823,54,-40.81,-62.99,44.69,8.19
242,Port Hardy,20,CA,1563598823,87,50.7,-127.42,57.2,4.7
243,Daru,87,PG,1563598823,71,-9.07,143.21,76.55,11.16
244,Vestmannaeyjar,55,IS,1563598824,86,63.44,-20.27,52.25,9.06
245,Pryazha,53,RU,1563598824,93,61.69,33.62,57.2,4.47
246,Pingliang,0,CN,1563598824,29,35.54,106.68,81.05,6.44
247,Assiniboia,16,CA,1563598825,80,49.63,-105.99,51.35,2.44
248,Baiquan,100,CN,1563598825,68,47.61,126.08,83.39,12.15
249,North Bend,1,US,1563598660,77,43.41,-124.22,62.01,8.05
250,Collie,27,AU,1563598825,91,-33.36,116.15,60.01,10.98
251,Marawi,53,PH,1563598826,80,8.0,124.29,84.99,5.01
252,Lokachi,97,UA,1563598826,81,50.74,24.65,60.01,1.3
253,Maningrida,8,AU,1563598826,58,-12.05,134.23,79.61,12.46
254,Boende,4,CD,1563598827,81,-0.28,20.88,74.75,4.92
255,Nantucket,90,US,1563598568,100,41.28,-70.1,75.99,10.29
256,Taltal,0,CL,1563598827,77,-25.41,-70.49,50.63,2.13
257,Keti Bandar,39,PK,1563598827,78,24.14,67.45,82.85,6.69
258,Pevek,100,RU,1563598828,95,69.7,170.27,31.91,7.67
259,Nikolskoye,90,RU,1563598828,88,59.7,30.79,63.0,6.71
260,Bambanglipuro,66,ID,1563598829,91,-7.95,110.28,75.65,22.55
261,Corralillo,59,CU,1563598829,89,22.98,-80.59,78.35,7.23
262,Riyadh,0,SA,1563598705,9,24.63,46.72,89.6,10.29
263,Hobyo,33,SO,1563598829,44,5.35,48.53,84.65,23.73
264,Haines Junction,50,CA,1563598830,84,60.75,-137.51,50.99,5.93
265,Sola,4,TZ,1563598830,42,-3.17,33.8,73.31,6.67
266,La Gomera,59,GT,1563598830,82,14.09,-91.05,79.79,7.94
267,Gheorgheni,3,RO,1563598831,64,46.72,25.6,73.0,5.01
268,Hamilton,75,CA,1563598727,100,43.26,-79.87,80.01,6.93
269,Urengoy,0,RU,1563598831,39,65.96,78.37,84.29,14.14
270,Narsaq,38,GL,1563598831,87,60.91,-46.05,48.2,8.05
271,Sao Miguel do Tapuio,37,BR,1563598832,80,-5.5,-41.32,68.27,5.1
272,Lermontovka,0,RU,1563598832,60,47.15,134.34,83.93,5.26
273,Half Moon Bay,90,US,1563598832,87,37.46,-122.43,64.99,6.93
274,Rennes,75,FR,1563598833,88,48.11,-1.68,64.99,8.05
275,Mityana,37,UG,1563598833,52,0.4,32.05,75.65,2.01
276,Belmonte,0,PT,1563598833,59,40.36,-7.35,70.0,2.51
277,Tiksi,27,RU,1563598834,35,71.64,128.87,64.49,19.53
278,Okha,100,RU,1563598834,92,53.59,142.95,61.25,9.01
279,Yakeshi,86,CN,1563598835,86,49.28,120.73,73.31,11.72
280,Ferreira do Alentejo,0,PT,1563598835,87,38.06,-8.11,62.01,8.05
281,Turukhansk,89,RU,1563598835,34,65.8,87.96,74.75,14.36
282,Hrubieszow,84,PL,1563598836,75,50.8,23.89,65.57,2.04
283,Esperanza,4,AR,1563598836,88,-31.45,-60.93,62.01,4.0
284,Portland,1,US,1563598230,74,43.66,-70.25,80.6,5.82
285,Vao,0,EE,1563598836,73,59.1,26.19,63.77,6.78
286,Bom Jesus,75,BR,1563598837,100,-5.99,-35.58,73.4,5.82
287,Bilma,29,NE,1563598837,42,18.69,12.92,88.97,15.64
288,Chokurdakh,100,RU,1563598837,49,70.62,147.9,49.01,10.89
289,College,75,US,1563598838,52,64.86,-147.8,68.0,9.17
290,Beringovskiy,85,RU,1563598838,62,63.05,179.32,65.39,5.44
291,Williston,1,US,1563598777,67,48.15,-103.62,66.0,0.85
292,Araioses,47,BR,1563598838,93,-2.89,-41.91,69.17,4.09
293,Horn Lake,100,US,1563598839,100,34.96,-90.03,82.4,4.7
294,Nivala,0,FI,1563598839,80,63.93,24.96,61.0,1.99
295,Arteaga,5,MX,1563598839,52,25.45,-100.85,82.99,9.17
296,Trairi,65,BR,1563598840,81,-3.28,-39.27,73.67,8.57
297,Salamanca,90,MX,1563598840,82,20.57,-101.19,62.6,0.96
298,Moratuwa,40,LK,1563598840,74,6.77,79.88,84.2,10.29
299,Bay Roberts,40,CA,1563598841,82,47.58,-53.28,57.0,12.75
300,Chuy,6,UY,1563598841,96,-33.69,-53.46,56.03,5.99
301,Roald,0,NO,1563598670,93,62.58,6.12,57.0,3.36
302,Alamos,59,AR,1563598842,70,-36.9,-62.36,45.23,3.29
303,Ancud,0,CL,1563598842,100,-41.87,-73.83,37.4,5.82
304,Aranos,0,NA,1563598842,41,-24.14,19.11,41.45,2.48
305,Hofn,100,IS,1563598842,96,64.25,-15.21,39.65,14.88
306,Bharatpur,20,IN,1563598843,79,27.22,77.5,91.4,4.7
307,Murom,91,RU,1563598843,84,55.57,42.04,60.53,10.94
308,Zhanakorgan,0,KZ,1563598843,12,43.91,67.25,101.21,17.78
309,Quatre Cocos,40,MU,1563598844,78,-20.21,57.76,73.99,12.75
310,Bhawana,0,PK,1563598844,34,31.57,72.65,100.13,6.51
311,Ternate,40,PH,1563598844,70,14.29,120.72,89.6,11.41
312,Zhuhai,20,CN,1563598844,65,40.71,112.04,78.8,2.24
313,Mitsamiouli,20,KM,1563598845,64,-11.38,43.28,68.0,6.93
314,Skibbereen,40,IE,1563598845,87,51.55,-9.27,55.4,10.29
315,Kysyl-Syr,0,RU,1563598846,34,63.9,122.77,66.65,7.36
316,Lajedo,100,BR,1563598846,93,-8.66,-36.33,65.03,10.04
317,Kupang,7,ID,1563598846,68,-10.16,123.6,77.27,8.7
318,Rio Gallegos,0,AR,1563598847,82,-51.62,-69.22,32.0,10.29
319,Ghanzi,0,BW,1563598847,27,-21.7,21.65,46.85,4.09
320,Kincardine,100,CA,1563598847,89,44.18,-81.63,77.0,3.0
321,Victoria,75,BN,1563598802,74,5.28,115.24,91.4,4.7
322,Terrace,90,CA,1563598848,76,54.52,-128.61,57.2,13.87
323,Phan Thiet,64,VN,1563598828,65,10.93,108.1,88.79,12.62
324,Puri,87,ID,1563598700,45,-7.54,112.45,92.03,9.82
325,Okhotsk,0,RU,1563598848,34,59.36,143.24,70.79,22.28
326,Neftcala,6,AZ,1563598848,31,39.37,49.25,90.23,5.73
327,Qianjiang,53,CN,1563598849,56,30.43,112.89,91.31,3.87
328,Teguise,90,ES,1563598849,78,29.06,-13.56,71.6,11.41
329,Hays,1,US,1563598624,51,38.88,-99.33,87.8,14.99
330,Havelock,1,US,1563598850,83,34.88,-76.9,82.99,10.29
331,Cururupu,6,BR,1563598850,97,-1.82,-44.87,70.97,2.44
332,Fortuna,1,US,1563598850,87,40.6,-124.16,59.0,6.93
333,Bassano,100,CA,1563598850,82,50.79,-112.47,54.0,11.99
334,Novyy Nekouz,93,RU,1563598851,86,57.91,38.06,59.27,4.27
335,Luchegorsk,42,RU,1563598851,56,46.44,134.3,84.11,5.77
336,Acari,4,BR,1563598851,80,-6.44,-36.64,70.79,10.92
337,Clyde River,1,CA,1563598851,93,70.47,-68.59,42.8,2.24
338,Nelson Bay,0,AU,1563598852,40,-32.72,152.14,68.0,5.82
339,Pringsewu,73,ID,1563598852,82,-5.36,104.98,79.25,6.87
340,Kasongo,4,CD,1563598852,37,-4.43,26.67,79.43,1.43
341,Macusani,3,PE,1563598853,93,-14.07,-70.43,27.77,2.44
342,Lexington,1,US,1563598853,78,38.05,-84.5,80.6,6.17
343,Leshukonskoye,100,RU,1563598853,75,64.9,45.76,50.45,6.2
344,Payo,100,ID,1563598854,54,-3.75,103.64,83.03,6.2
345,Balkhash,0,KZ,1563598854,22,46.84,74.98,86.0,17.9
346,Olinda,40,AU,1563598854,59,-37.84,145.39,64.99,20.8
347,Broken Hill,0,AU,1563598854,24,-31.97,141.45,66.2,18.34
348,Ozinki,63,RU,1563598855,46,51.2,49.73,77.09,9.89
349,Wanning,75,AT,1563598855,82,48.64,13.53,66.99,1.12
350,Margate,75,AU,1563598659,47,-43.03,147.26,60.01,5.82
351,Saint-Joseph,0,FR,1563598856,82,43.56,6.97,72.0,4.7
352,Bathsheba,40,BB,1563598856,78,13.22,-59.52,80.6,11.41
353,Kalmunai,91,LK,1563598856,39,7.42,81.82,94.01,15.59
354,Pechenga,90,RU,1563598857,89,58.89,41.46,58.73,5.03
355,Ugoofaaru,100,MV,1563598857,77,5.67,73.0,83.75,22.26
356,Bartlesville,1,US,1563598796,74,36.75,-95.98,86.0,14.99
357,Port-Gentil,98,GA,1563598857,85,-0.72,8.78,75.47,10.74
358,North Fort Myers,75,US,1563598858,94,26.67,-81.88,75.99,7.9
359,Lima,90,PE,1563598858,87,-12.06,-77.04,60.8,5.82
360,Evensk,100,RU,1563598858,98,61.92,159.24,51.17,9.69
361,Honiara,75,SB,1563598859,70,-9.43,159.96,87.8,12.75
362,Erzin,20,TR,1563598859,94,36.95,36.2,79.0,2.86
363,Cayenne,26,GF,1563598859,94,4.94,-52.33,73.4,3.33
364,Whitecourt,90,CA,1563598750,100,54.14,-115.68,51.8,5.82
365,Aklavik,90,CA,1563598859,93,68.22,-135.01,55.4,5.82
366,Mayumba,10,GA,1563598860,92,-3.44,10.65,70.61,5.01
367,Denpasar,42,ID,1563598826,68,-8.65,115.22,81.59,11.32
368,Deputatskiy,92,RU,1563598860,40,69.3,139.9,52.79,5.32
369,Constantine,0,DZ,1563598861,56,36.36,6.61,68.0,2.24
370,Marsa Matruh,0,EG,1563598861,69,31.35,27.25,77.0,5.73
371,Balasan,97,PH,1563598861,72,11.47,123.09,85.37,6.93
372,Maceio,75,BR,1563598862,88,-9.67,-35.74,71.6,8.05
373,Santa Lucia,0,IT,1563598862,64,41.98,12.66,75.0,2.24
374,Vila Velha,75,BR,1563598862,78,-3.71,-38.6,78.8,14.99
375,Juegang,45,CN,1563598863,59,32.31,121.18,93.0,9.22
376,Rocha,0,UY,1563598863,95,-34.48,-54.34,53.87,4.41
377,Sisimiut,92,GL,1563598864,93,66.94,-53.67,41.27,12.06
378,Lipin Bor,83,RU,1563598865,86,60.26,37.97,60.89,0.89
379,Carbonia,20,IT,1563598865,88,39.17,8.53,69.8,1.12
380,East Lansing,1,US,1563598866,78,42.74,-84.49,84.2,8.05
381,Dudinka,0,RU,1563598866,36,69.41,86.18,75.2,15.66
382,Linxia,0,CN,1563598866,42,35.6,103.21,74.93,5.86
383,Salinopolis,7,BR,1563598867,80,-0.61,-47.36,79.79,12.03
384,Inirida,94,CO,1563598823,97,3.87,-67.92,71.33,1.14
385,Sinop,0,TR,1563598867,77,42.03,35.15,63.0,5.82
386,Puerto Rico,92,CO,1563598867,95,1.91,-75.15,56.03,2.3
387,Anadyr,75,RU,1563598867,72,64.73,177.51,66.2,6.71
388,Garissa,49,KE,1563598868,61,-0.46,39.64,76.91,16.64
389,Belyy Yar,75,RU,1563598871,88,53.6,91.39,66.2,4.47
390,Mata,0,PT,1563598871,96,40.68,-7.46,64.99,1.01
391,Coquimbo,43,CL,1563598827,93,-29.95,-71.34,48.2,1.12
392,Northam,90,AU,1563598872,71,-31.65,116.67,57.2,18.34
393,Alta Floresta,20,BR,1563598872,53,-9.87,-56.08,70.61,3.71
394,San Antonio,0,CL,1563598873,93,-33.58,-71.61,39.2,2.24
395,Miri,100,NG,1563598873,82,10.31,9.75,70.07,5.21
396,San Quintin,100,PH,1563598873,77,17.54,120.52,84.47,8.16
397,Rawson,0,AR,1563598874,56,-43.3,-65.11,38.75,10.47
398,Nioro,100,GM,1563598874,74,13.79,-15.05,74.75,6.13
399,Moindou,90,NC,1563598874,60,-21.69,165.68,69.8,9.17
400,Kodinsk,100,RU,1563598875,67,58.6,99.18,56.75,9.57
401,Yerbogachen,0,RU,1563598875,33,61.28,108.01,67.91,16.31
402,Kitui,1,KE,1563598875,62,-1.37,38.02,69.17,3.22
403,Caibarien,20,CU,1563598875,83,22.52,-79.47,78.8,3.36
404,Te Anau,99,NZ,1563598832,87,-45.41,167.72,44.33,4.21
405,Kirakira,43,SB,1563598876,84,-10.46,161.92,79.43,17.25
406,Rio Grande,65,BR,1563598876,95,-32.03,-52.1,57.99,3.85
407,Komsomolskiy,57,RU,1563598877,77,67.55,63.78,61.43,8.12
408,Brae,100,GB,1563598874,93,60.4,-1.35,57.2,13.87
409,Gummidipundi,20,IN,1563598877,59,13.42,80.13,91.4,10.29
410,Lipno,57,PL,1563598877,88,52.85,19.18,62.01,3.83
411,Iqaluit,90,CA,1563598844,93,63.75,-68.52,41.0,6.93
412,Tromso,0,NO,1563598791,71,69.65,18.96,59.0,11.41
413,Plyussa,99,RU,1563598878,89,58.42,29.37,61.25,8.9
414,Ust-Maya,28,RU,1563598878,41,60.42,134.54,60.35,7.45
415,Kulary,0,RU,1563598878,73,43.24,45.5,73.4,8.95
416,Dingle,82,PH,1563598835,73,11.0,122.67,85.73,5.08
417,Jalapa,40,GT,1563598879,82,14.63,-89.98,66.2,13.87
418,Ponta Delgada,75,PT,1563598879,100,37.73,-25.67,69.8,11.41
419,Champasak,99,LA,1563598879,63,14.89,105.88,88.97,6.53
420,Mondovi,75,US,1563598880,94,44.57,-91.67,82.99,6.93
421,Malinovoye Ozero,97,RU,1563598880,80,51.68,79.77,67.01,3.11
422,Calama,0,CL,1563598880,13,-22.46,-68.93,46.4,20.8
423,Pitkyaranta,99,RU,1563598881,87,61.57,31.48,55.85,10.98
424,Chilia Veche,6,UA,1563598881,77,45.41,29.29,68.0,1.12
425,Suriapet,34,IN,1563598882,54,17.15,79.62,90.95,5.17
426,Great Falls,1,US,1563598882,43,47.5,-111.29,57.2,9.17
427,Petropavlovsk-Kamchatskiy,75,RU,1563598882,88,53.05,158.65,68.0,6.71
428,Plettenberg Bay,94,ZA,1563598882,80,-34.05,23.37,46.85,8.39
429,Pimentel,0,BR,1563598883,87,-3.7,-45.5,69.53,2.75
430,Mangan,11,IN,1563598883,69,27.5,88.54,72.41,6.87
431,Suhbaatar,100,MN,1563598864,41,50.23,106.21,79.97,1.81
432,Ipixuna,0,BR,1563598884,88,-1.76,-48.8,77.0,2.24
433,Grindavik,75,IS,1563598884,87,63.84,-22.43,51.8,10.29
434,Cuautepec,100,MX,1563598884,93,16.75,-99.0,71.69,2.75
435,Umm Kaddadah,0,SD,1563598885,48,13.6,26.69,83.75,8.52
436,Pozo Colorado,6,PY,1563598885,97,-23.49,-58.8,61.61,3.91
437,Gladstone,75,AU,1563598885,40,-23.84,151.26,73.99,17.22
438,Batagay,84,RU,1563598886,36,67.65,134.64,59.09,7.43
439,Pontivy,90,FR,1563598886,100,48.06,-2.97,66.99,5.82
440,Namibe,0,AO,1563598886,85,-15.19,12.15,68.09,3.87
441,Van Wert,1,US,1563598886,78,40.86,-84.58,82.99,8.05
442,Port Macquarie,0,AU,1563598595,32,-31.43,152.91,70.0,6.93
443,Hambantota,75,LK,1563598887,62,6.12,81.12,89.6,25.28
444,Los Llanos de Aridane,90,ES,1563598887,83,28.66,-17.92,71.6,16.11
445,Pattaya,20,TH,1563598888,55,12.93,100.9,100.0,11.41
446,Zhigalovo,71,RU,1563598888,33,54.81,105.15,83.93,1.72
447,Novobirilyussy,20,RU,1563598888,45,56.95,90.69,68.27,8.52
448,Lewisporte,75,CA,1563598889,87,49.25,-55.06,54.0,5.82
449,Aripuana,29,BR,1563598889,58,-9.17,-60.63,72.41,1.03
450,Bubaque,86,GW,1563598889,80,11.28,-15.83,78.35,10.31
451,Russell,1,US,1563598890,43,38.9,-98.86,87.8,17.22
452,Angoche,0,MZ,1563598890,71,-16.23,39.91,71.69,4.32
453,Necochea,99,AR,1563598843,93,-38.55,-58.74,48.99,4.0
454,Digby,0,CA,1563598890,97,44.62,-65.76,61.0,5.01
455,Mercedes,64,UY,1563598890,92,-33.25,-58.03,55.99,5.01
456,Hearst,73,CA,1563598891,61,49.69,-83.67,64.13,7.36
457,Katherine,0,AU,1563598891,9,-14.47,132.26,91.4,5.82
458,Havoysund,0,NO,1563598892,63,71.0,24.66,62.6,10.29
459,Mzimba,0,MW,1563598892,50,-11.9,33.6,66.11,2.93
460,Tsaritsani,46,GR,1563598892,82,39.88,22.23,75.99,3.36
461,Tarpon Springs,40,US,1563598852,88,28.15,-82.76,78.01,4.7
462,San Juan,100,AR,1563598893,15,-31.54,-68.53,47.57,4.94
463,Port Lincoln,0,AU,1563598893,59,-34.72,135.86,63.41,29.55
464,Gobabis,0,NA,1563598893,25,-22.45,18.97,42.17,2.68
465,Cairns,40,AU,1563598868,47,-16.92,145.77,75.2,14.99
466,Fatehpur,0,PK,1563598893,38,31.18,71.21,100.13,5.06
467,Ialibu,100,PG,1563598894,99,-6.28,143.99,66.11,3.02
468,Lasa,20,CY,1563598894,69,34.92,32.53,78.8,4.7
469,Kota Kinabalu,75,MY,1563598897,67,5.98,116.07,93.2,5.82
470,Vallenar,0,CL,1563598898,65,-28.58,-70.76,51.17,1.7
471,Harper,1,US,1563598898,65,30.3,-99.24,80.6,6.93
472,Thinadhoo,54,MV,1563598898,77,0.53,72.93,83.03,15.05
473,Torres,91,BR,1563598661,79,-29.34,-49.73,59.27,3.85
474,Awbari,0,LY,1563598899,25,26.59,12.77,82.49,19.91
475,San Ramon de la Nueva Oran,6,AR,1563598869,94,-23.13,-64.33,55.85,1.95
476,Vila Franca do Campo,75,PT,1563598899,100,37.72,-25.43,69.8,11.41
477,Samarai,63,PG,1563598900,78,-10.62,150.67,74.03,9.6
478,Goderich,100,CA,1563598844,91,43.74,-81.71,79.0,4.0
479,Westport,1,US,1563598900,88,41.14,-73.36,82.4,4.7
480,Apiai,71,BR,1563598900,92,-24.51,-48.84,53.51,0.54
481,Palo Alto,90,US,1563598901,87,37.44,-122.16,68.0,6.93
482,Marzuq,44,YE,1563598901,15,14.4,46.47,89.33,4.52
483,Lencois Paulista,0,BR,1563598901,72,-22.6,-48.8,64.4,6.93
484,Chipata,0,ZM,1563598902,50,-13.64,32.65,66.65,0.63
485,Warmbad,83,DE,1563598902,100,50.67,13.08,63.0,4.83
486,Batie,0,FR,1563598903,63,45.06,5.82,64.99,3.36
487,Lazarev,100,RU,1563598903,97,52.23,141.51,55.85,8.93
488,Nueve de Julio,37,AR,1563598903,41,-31.67,-68.39,50.81,10.63
489,Corning,40,US,1563598829,94,42.14,-77.05,77.0,9.17
490,Nishihara,75,JP,1563598904,94,35.74,139.53,91.0,3.36
491,Tame,100,CO,1563598904,92,6.46,-71.72,51.89,3.15
492,Inhambane,0,MZ,1563598905,35,-23.87,35.38,65.57,9.62
493,Maldonado,0,UY,1563598905,100,-34.91,-54.96,50.0,3.36
494,Taguatinga,0,BR,1563598905,67,-15.83,-48.06,57.2,5.59
495,Madang,7,CN,1563598906,55,35.32,102.79,60.71,2.1
496,Muravlenko,0,RU,1563598907,44,63.79,74.5,83.39,12.37
497,Iquitos,0,PE,1563598907,94,-3.75,-73.25,73.4,1.39
498,Surman,0,LY,1563598907,68,32.76,12.57,77.63,9.8
499,San Policarpo,71,PH,1563598908,78,12.18,125.51,84.11,6.69
500,Jumla,1,NP,1563598908,40,29.28,82.18,73.85,6.2
501,Taitung,75,TW,1563598908,70,22.76,121.15,87.8,3.36
502,Nemuro,75,JP,1563598908,100,43.32,145.57,64.4,5.82
503,Entre Rios,64,BR,1563598756,96,-11.94,-38.08,64.13,6.29
504,Liwale,0,TZ,1563598909,56,-9.8,37.92,71.51,2.19
505,Uige,89,AO,1563598909,84,-7.61,15.06,63.23,4.81
506,Hondo,40,US,1563598909,78,29.35,-99.14,82.99,10.29
507,Garden City,0,US,1563598910,32,43.62,-116.24,73.4,7.23
508,Khani,90,GE,1563598910,100,41.96,42.96,71.6,2.24
509,Mantua,0,IT,1563598911,77,45.16,10.79,73.99,1.12
510,Matara,26,BI,1563598911,77,-3.48,29.48,56.75,1.9
511,Puerto Maldonado,54,PE,1563598911,80,-12.59,-69.19,73.85,0.85
512,Nova Iguacu,0,BR,1563598619,87,-22.76,-43.45,66.2,3.36
513,Hervey Bay,75,AU,1563598858,43,-25.3,152.85,71.6,12.75
514,Price,20,US,1563598912,24,39.6,-110.81,82.4,9.17
515,Jiexiu,82,CN,1563598912,60,37.02,111.92,80.15,6.64
516,Berlevag,0,NO,1563598913,86,70.86,29.09,50.63,6.11
517,Rosario,51,UY,1563598913,93,-34.31,-57.35,53.01,7.09
518,Nenjiang,100,CN,1563598913,90,49.17,125.23,76.55,10.13
519,Marfino,75,RU,1563598913,93,56.07,37.56,63.0,8.95
520,La Ronge,20,CA,1563598714,77,55.1,-105.3,60.8,11.41
521,Barinas,85,VE,1563598914,92,8.64,-70.23,71.69,2.68
522,Erice,0,IT,1563598914,68,38.04,12.59,78.01,3.36
523,Hare Bay,75,CA,1563598914,87,48.86,-53.99,51.8,5.82
524,Shalinskoye,69,RU,1563598915,59,55.72,93.76,65.39,7.56
525,Bandarbeyla,91,SO,1563598915,41,9.49,50.81,85.73,34.02
526,Ouesso,69,CG,1563598918,92,1.61,16.05,70.25,3.11
527,Njombe,4,TZ,1563598919,72,-9.34,34.77,55.67,1.21
528,San Isidro,20,CR,1563598919,73,10.02,-84.06,73.4,16.11
529,Nanortalik,99,GL,1563598919,98,60.14,-45.24,40.37,3.96
530,Buala,61,SB,1563598919,78,-8.15,159.59,81.77,8.41
531,Dwarka,75,IN,1563598920,63,28.58,77.04,93.2,5.82
532,Srednekolymsk,82,RU,1563598920,56,67.46,153.71,51.35,9.08
533,Yorosso,87,ML,1563598920,85,12.35,-4.78,72.77,5.17
534,Oussouye,100,SN,1563598921,75,12.49,-16.54,76.19,9.44
535,Gasa,63,BT,1563598921,71,27.91,89.73,49.73,7.58
536,Klyuchi,88,RU,1563598921,57,52.25,79.17,76.01,9.06
537,Lompoc,1,US,1563598800,82,34.64,-120.46,62.6,5.82
538,The Valley,40,AI,1563598922,78,18.22,-63.06,82.4,6.93
539,Malindi,40,KE,1563598922,78,-3.22,40.12,77.0,8.05
540,Jining,23,CN,1563598922,37,35.41,116.58,97.61,4.94
541,Puerto Cabezas,100,NI,1563598825,96,14.04,-83.39,76.55,3.89
542,San Fernando,20,TT,1563598923,78,10.28,-61.46,79.0,9.42
543,Saint-Francois,0,FR,1563598923,87,46.42,3.91,59.0,5.88
544,Hualmay,38,PE,1563598923,86,-11.1,-77.61,61.43,12.95
